chamber,district,name,party,israel_stance,confidence,rationale
assembly,1,Tommy John Schiavoni,Democratic,neutral,unknown,No public Israel-related statements found after web research
assembly,2,Jodi Giglio,Republican,support,inferred,"Signed the bipartisan ""New York Legislators Stand with Israel"" solidarity letter in October 2023, demonstrating support for Israel following the Oct 7 attacks."
assembly,3,Joe DeStefano,Republican,support,inferred,"As part of the Assembly Minority Conference, called for the release of hostages held in Gaza following Oct 7 attacks. Republican member who has aligned with pro-Israel positions."
assembly,4,Rebecca Kassay,Democratic,neutral,unknown,No public Israel-related statements found after web research
assembly,5,Doug Smith,Republican,support,inferred,"Signed the bipartisan ""New York Legislators Stand with Israel"" solidarity letter in October 2023 condemning the Oct 7 attacks and pledging solidarity with Israel."
assembly,6,Phil Ramos,Democratic,neutral,inferred,"As Deputy Speaker, joined AG James's multiracial coalition statement that condemned the Oct 7 massacre by Hamas while simultaneously calling for humanitarian aid to Gaza and highlighting the humanitarian catastrophe there, representing a balanced position."
assembly,7,Jarett Gandolfo,Republican,neutral,unknown,No public Israel-related statements found after web research
assembly,8,Michael J. Fitzpatrick,Republican,support,inferred,"Signed the bipartisan ""New York Legislators Stand with Israel"" solidarity letter in October 2023 condemning the Oct 7 attacks and pledging solidarity with Israel."
assembly,9,Michael Durso,Republican,neutral,unknown,No public Israel-related statements found after web research
assembly,10,Steve Stern,Democratic,strongly_support,inferred,Signed the Israel solidarity letter and released a separate statement condemning the Oct 7 Hamas attacks. Has been a consistent vocal supporter of Israel throughout his tenure.
assembly,11,Kwani B. O'Pharrow,Democratic,neutral,unknown,No public Israel-related statements found after web research
assembly,12,Keith P. Brown,Republican,strongly_support,inferred,Signed the Israel solidarity letter and has made additional public statements declaring full support for Israel and solidarity with the Jewish community.
assembly,13,Charles D. Lavine,Democratic,strongly_support,inferred,"Authored and organized the ""New York Legislators Stand with Israel"" solidarity letter. Serves as President of the NY Chapter of the National Association of Jewish Legislators and is described as ""a staunch voice for the Jewish community and for the state of Israel."""
assembly,14,David G. McDonough,Republican,strongly_support,inferred,"Signed the Israel solidarity letter and has made explicit public statements that ""Israel is our closest ally in the Middle East and has the absolute right to both exist and defend itself."""
assembly,15,Jake Blumencranz,Republican,strongly_support,inferred,"Signed the Israel solidarity letter, introduced the United Against Hate Act to combat antisemitism, hosted the Israeli Consul General at the State Capitol, and has been vocally critical of anti-Israel protests and the BDS movement."
assembly,16,Daniel J. Norber,Republican,strongly_support,inferred,"Former IDF soldier (served as staff sergeant in military police), raised in Israel, grandchild of Holocaust survivors. Ran explicitly on combating antisemitism and supporting Israel. Proposed mask ban targeting anti-Israel protest tactics."
assembly,17,John K. Mikulin,Republican,support,inferred,Has spoken out against Iran's attacks on Israel and supports the Combating Campus Anti-Semitism Act. Republican member aligned with pro-Israel positions.
assembly,18,Noah Burroughs,Democratic,neutral,unknown,No public Israel-related statements found after web research
assembly,19,Edward P. Ra,Republican,strongly_support,inferred,"Assembly Minority Leader who introduced the ""Dismantling Student Antisemitism Act"" requiring colleges to implement antisemitism training. Has been vocal against antisemitism on campuses and supportive of Israel."
assembly,20,Ari Brown,Republican,strongly_support,inferred,"First Republican Orthodox Jew elected to the Assembly. Signed the Israel solidarity letter, hosted the Israeli Consul General, and has explicitly stated he will ""stand shoulder to shoulder with Israel."""
assembly,21,Judy Griffin,Democratic,neutral,unknown,No public Israel-related statements found after web research
assembly,22,Michaelle C. Solages,Democratic,support,inferred,"Signed the bipartisan ""New York Legislators Stand with Israel"" solidarity letter in October 2023. First person of Haitian descent in the NY State Legislature; chairs the Black, Puerto Rican, Hispanic and Asian Legislative Caucus."
assembly,23,Stacey Pheffer Amato,Democratic,strongly_support,inferred,"Self-described ""proud Zionist"" who signed the solidarity letter, participated in a state visit to Israel, visited a kibbutz near the Gaza border, and has chanted ""Am Yisrael Chai"" in response to pro-Palestinian protesters."
assembly,24,David I. Weprin,Democratic,strongly_support,inferred,"Orthodox Jewish assemblyman, Co-President of the National Association of Jewish Legislators. Signed the solidarity letter, supported Gov. Cuomo's anti-BDS executive order, and sent letters threatening action against BDS activity at SUNY campuses."
assembly,25,Nily Rozic,Democratic,strongly_support,inferred,"Israeli-born (first Israeli-born member of the NY State Legislature), has strongly condemned Hamas as a ""radical genocidal death cult,"" spoken against the BDS movement, sponsored pro-Israel resolutions, and marked the anniversary of Oct 7 with commemorative statements."
assembly,26,Edward C. Braunstein,Democratic,strongly_support,inferred,Signed the Israel solidarity letter and met with families of Oct 7 hostages alongside Assemblywoman Rozic. Represents Northeast Queens with a large Jewish community and advocates for pro-Israel issues.
assembly,27,Sam Berger,Democratic,strongly_support,inferred,"Orthodox Jewish assemblyman, grandson of Holocaust survivors, who studied at a yeshiva in Jerusalem. Signed the solidarity letter, introduced the HOPE Act to codify the IHRA antisemitism definition in NY law, and has been a vocal defender of the Jewish community against antisemitism and anti-Israel protests."
assembly,28,Andrew Hevesi,Democratic,support,inferred,Signed the Israel solidarity letter and has convened Jewish Leadership Breakfasts to address community concerns. Worked to secure $70 million for nonpublic school safety grants in response to post-Oct 7 antisemitism.
assembly,29,Alicia Hyndman,Democratic,support,inferred,"Has demonstrated solidarity with the Jewish community by condemning antisemitic attacks at a Queens synagogue event and by meeting with Orthodox Jewish advocates during Agudath Israel Albany mission, though has not made specific Israel/Palestine conflict statements."
assembly,30,Steven Raga,Democratic,neutral,unknown,No public Israel-related statements found after web research
assembly,31,Khaleel M. Anderson,Democratic,oppose,inferred,"Called for a ceasefire in Gaza in February 2024, though with a conditional framing (""with the right controls in place""), placing him among NY elected officials publicly critical of the continuation of military operations."
assembly,32,Vivian E. Cook,Democratic,support,inferred,"Signed the bipartisan ""New York Legislators Stand with Israel"" solidarity letter in October 2023. Long-serving Democrat (35 years) from Southeast Queens; announced she will not seek reelection."
assembly,33,Clyde Vanel,Democratic,neutral,unknown,No public Israel-related statements found after web research
assembly,34,Jessica Gonzalez-Rojas,Democratic,oppose,inferred,"DSA-aligned Assembly member who called for ceasefire on Oct 10, 2023 (three days after attack), supported Palestinian representation at DNC, and has been a vocal critic of Israeli military operations in Gaza."
assembly,35,Larinda C. Hooks,Democratic,neutral,unknown,No public Israel-related statements found after web research
assembly,36,Diana C. Moreno,Democratic,strongly_oppose,inferred,"DSA member who succeeded Zohran Mamdani, engaged in civil disobedience protesting ""genocide in Gaza,"" participated in pro-Palestine demonstrations, and supports the Not on Our Dime Act."
assembly,37,Claire Valdez,Democratic,strongly_oppose,inferred,"DSA member who explicitly calls Israeli actions ""genocide"" and ""apartheid,"" supports BDS, co-sponsors Not on Our Dime Act, and calls for cutting all US military aid to Israel."
assembly,38,Jenifer Rajkumar,Democratic,strongly_support,inferred,"Described as having ""unwavering support of Israel,"" commended by Rabbinical Alliance for anti-antisemitism efforts, endorsed by Zioness Action Fund, and signed letter opposing legislation targeting Jewish charities with Israel connections."
assembly,39,Catalina Cruz,Democratic,oppose,inferred,"Called for an immediate ceasefire in Gaza, release of hostages, and expressed serious concerns about further US support that would perpetuate the war, indicating opposition to Israel's military campaign despite condemning Oct 7."
assembly,40,Ron Kim,Democratic,neutral,unknown,No public Israel-related statements found after web research
assembly,41,Kalman Yeger,Democratic,strongly_support,inferred,"Among the most outspoken pro-Israel voices in the Assembly; famously tweeted ""Palestine does not exist,"" lost committee seat over it, and represents a large Orthodox Jewish constituency in Brooklyn."
assembly,42,Rodneyse Bichotte Hermelyn,Democratic,strongly_support,inferred,"As Brooklyn Democratic Party chair, issued strong condemnation of Hamas and statement of solidarity with Israel; spoke at ""South Brooklyn Stands with Israel"" rally; visited Israel and has consistent pro-Israel record."
assembly,43,Brian Cunningham,Democratic,support,inferred,"Withdrew endorsement from a congressional candidate who supported BDS, citing Israel's ""right to exist""; met with hostage families in Crown Heights and expressed support for Israel's self-defense."
assembly,44,Robert C. Carroll,Democratic,neutral,inferred,"Supports conditional ceasefire (once hostages released), believes there should be conditions on aid to Israel, refuses AIPAC money, but does not take strongly pro- or anti-Israel positions."
assembly,45,Michael Novakhov,Republican,strongly_support,inferred,"Republican Assembly member who hosted Oct 7 memorial vigil, immediately denounced the Hamas attack as terrorism, and has been vocal in support of Israel from his southern Brooklyn district."
assembly,46,Alec Brook-Krasny,Republican,strongly_support,inferred,"Republican Assembly member and advocate for the Jewish community who sponsored anti-antisemitism legislation, strongly condemned Oct 7, and stated Hamas must not control Gaza."
assembly,47,William Colton,Democratic,support,inferred,"Visited Israel on JCRC-sponsored trip, sponsored legislation increasing penalties for swastika vandalism, and has longstanding ties to the Jewish community in his Brooklyn district."
assembly,48,Simcha Eichenstein,Democratic,strongly_support,inferred,"First Chassidic Jewish Assembly member, represents Borough Park; called for action against anti-Israel protests, worked to bring home US citizens from Israel after Oct 7, and is deeply connected to the pro-Israel Orthodox community."
assembly,49,Lester Chang,Republican,strongly_support,inferred,"Self-described ""proud Jewish-American, lifelong Zionist and stalwart advocate for Israel"" who sponsored Oct 7 commemoration legislation and wears a yellow ribbon pin for hostages."
assembly,50,Emily Gallagher,Democratic,strongly_oppose,inferred,"DSA-backed Assembly member, co-sponsor of the ""Not on Our Dime"" Act targeting Israeli settlement funding, early ceasefire advocate, and co-introduced legislation to help New Yorkers stranded in Israel/Gaza/West Bank."
assembly,51,Marcela Mitaynes,Democratic,strongly_oppose,inferred,"DSA member arrested at pro-ceasefire protests, co-sponsor of ""Not on Our Dime"" Act, participated in statements referencing ""genocide in Gaza"" and ""Israeli apartheid,"" and has been a consistent vocal critic of Israel."
assembly,52,Jo Anne Simon,Democratic,neutral,inferred,Opposes BDS but criticizes Israel's military conduct as causing disproportionate civilian casualties; supports conditioning aid but acknowledges limited state-level role on foreign policy.
assembly,53,Maritza Davila,Democratic,neutral,unknown,No public Israel-related statements found after web research
assembly,54,Erik M. Dilan,Democratic,support,inferred,"Supported by pro-Israel networks; campaign materials attacked opponents for poor ""voting records on Israel""; won against DSA-backed candidates with support from NYSN-affiliated figures."
assembly,55,Latrice M. Walker,Democratic,neutral,unknown,No public Israel-related statements found after web research
assembly,56,Stefani Zinerman,Democratic,neutral,inferred,"Position is deliberately murky; received significant pro-Israel PAC funding (~$41K from Solidarity PAC) but has reportedly called for ceasefire (disputed); did not sign ""Not on Our Dime"" legislation."
assembly,57,Phara Souffrant Forrest,Democratic,strongly_oppose,inferred,"DSA member who used ""apartheid"" language about Israel, shared map erasing Israel, co-sponsored ""Not on Our Dime"" Act, called for unconditional ceasefire, and has been one of the most outspoken anti-Israel voices in the Assembly."
assembly,58,Monique Chandler-Waterman,Democratic,neutral,unknown,No public Israel-related statements found after web research
assembly,59,Jaime R. Williams,Democratic,neutral,unknown,No public Israel-related statements found after web research
assembly,60,Nikki Lucas,Democratic,neutral,inferred,Backed by pro-Israel-aligned groups against DSA candidates but no explicit personal statements on Israel/Palestine found; Israel was not a prominent campaign issue.
assembly,61,Charles D. Fall,Democratic,neutral,inferred,"First Muslim Assembly member who traveled to Israel with JCRC delegation to learn about the conflict, defended the trip against critics, and emphasized interfaith dialogue without taking a strongly pro- or anti-Israel position."
assembly,62,Michael Reilly,Republican,support,inferred,"Republican from Staten Island who likely attended the October 2023 bipartisan ""Stand with Israel"" rally at the Bernikow JCC on Staten Island, where elected officials from both parties pledged support for Israel. As a member of the Assembly Minority Conference, aligned with the conference's pro-Israel positions."
assembly,63,Sam Pirozzolo,Republican,support,inferred,"Republican Assembly member from Staten Island who was part of a statement calling the Oct 7 attack on Israel ""a war crime"" and expressing solidarity with Israel."
assembly,64,Michael Tannousis,Republican,support,inferred,"Republican from Staten Island/Brooklyn and chairman of the Staten Island Republican Party who likely attended the October 2023 bipartisan ""Stand with Israel"" rally at the Bernikow JCC. As part of the Assembly Minority Conference, aligned with pro-Israel positions."
assembly,65,Grace Lee,Democratic,support,inferred,"Fully supports Israel's right to defend itself and condemns Oct 7 attacks, while also criticizing far-right Israeli government and calling for humanitarian aid to Palestinian civilians and a two-state solution."
assembly,66,Deborah J. Glick,Democratic,support,inferred,"Long-serving Assembly member who strongly supports Israel's right to exist and has opposed BDS, though she blocked an anti-boycott bill in committee on academic freedom grounds."
assembly,67,Linda B. Rosenthal,Democratic,support,inferred,"Rosenthal led the pushback against the ""Not on Our Dime"" anti-settlement bill, co-organizing a letter signed by 66 Democratic Assembly members denouncing it as targeting Jewish charities. She also supported buffer zone legislation to protect Jewish institutions from protest harassment."
assembly,68,Edward Gibbs,Democratic,neutral,unknown,No public Israel-related statements found after web research
assembly,69,Micah C. Lasher,Democratic,support,inferred,"Lasher has taken a mainstream pro-Israel Democratic stance, refusing to support arms cutoffs to Israel or call the Gaza war a ""genocide."" He was endorsed by the pro-Israel Solidarity PAC and has described himself as both ""a proud progressive and a proud Zionist."""
assembly,70,Jordan J.G. Wright,Democratic,support,inferred,"Wright was endorsed by the pro-Israel Solidarity PAC as part of their inaugural class of candidates. While deferring to foreign affairs experts on aid conditions, he received significant pro-Israel PAC funding."
assembly,71,Al Taylor,Democratic,support,inferred,"Signed the October 20, 2023 ""New York Legislators Stand with Israel"" bipartisan solidarity letter, which condemned the Oct 7 attacks as a ""war crime"" and pledged to ""continue to stand with Israel."""
assembly,72,Manny De Los Santos,Democratic,support,inferred,"De Los Santos was initially a cosponsor of the ""Not on Our Dime"" anti-settlement bill but reversed course, withdrew his name, and signed the letter condemning it as targeting Jewish charities. This reversal indicates he moved to a pro-Israel position."
assembly,73,Alex Bores,Democratic,support,inferred,"Bores opposes an arms embargo on Israel, opposed the ""Not on Our Dime"" bill, and supports a conditional ceasefire (requiring hostage return). He has been characterized as ""Progressive Except for Palestine."""
assembly,74,Keith Powers,Democratic,support,inferred,"Powers has been described as ""a true ally to the Jewish community"" and has a record of standing with Israel. He expressed relief at the Israel-Hamas ceasefire agreement while acknowledging civilian suffering."
assembly,75,Tony Simone,Democratic,support,inferred,Simone supports a conditional ceasefire that returns hostages and leads to a two-state solution. He agreed with Biden's moves to limit offensive weapons for a Rafah operation but has not called for a full arms embargo.
assembly,76,Rebecca A. Seawright,Democratic,support,inferred,"Seawright has hosted town halls on combating antisemitism, is a member of the Assembly's Jewish caucus, and has advocated for both Israeli security and Palestinian rights while supporting legislation to combat antisemitism."
assembly,77,Landon C. Dais,Democratic,neutral,unknown,No public Israel-related statements found after web research
assembly,78,George Alvarez,Democratic,support,inferred,"Signed the October 20, 2023 ""New York Legislators Stand with Israel"" bipartisan solidarity letter, which condemned the Oct 7 attacks as a ""war crime"" and pledged to ""continue to stand with Israel."""
assembly,79,Chantel Jackson,Democratic,neutral,unknown,No public Israel-related statements found after web research
assembly,80,"John Zaccaro, Jr.",Democratic,support,inferred,"Zaccaro was endorsed by the pro-Israel Solidarity PAC as an incumbent assemblymember, indicating alignment with pro-Israel positions."
assembly,81,Jeffrey Dinowitz,Democratic,strongly_support,inferred,"Dinowitz is one of the most outspoken pro-Israel members of the Assembly, strongly supporting Israel's right to defend itself ""without regard to proportionality,"" denouncing BDS as antisemitic, and supporting buffer zone legislation around Jewish institutions."
assembly,82,Michael Benedetto,Democratic,support,inferred,"Benedetto was endorsed by the pro-Israel Solidarity PAC as an incumbent assemblymember, indicating alignment with pro-Israel positions."
assembly,83,Carl E. Heastie,Democratic,neutral,inferred,"As Assembly Speaker, Heastie blocked a bipartisan bill commemorating Oct. 7 from reaching the floor, but also initially expressed concerns about Mamdani's pro-Palestinian views before eventually endorsing him for mayor. His approach has been cautious and politically calculated rather than ideologically driven."
assembly,84,Amanda Septimo,Democratic,strongly_support,inferred,"Septimo has strongly defended Israel's right to self-defense, opposed the ""Not on Our Dime"" bill as a ""disturbing effort to delegitimize Israel,"" visited Israel on an AIPAC-affiliated trip, and has repeatedly met with pro-Israel advocates."
assembly,85,Emerita Torres,Democratic,neutral,unknown,No public Israel-related statements found after web research
assembly,86,Yudelka Tapia,Democratic,neutral,unknown,No public Israel-related statements found after web research
assembly,87,Karines Reyes,Democratic,neutral,unknown,No public Israel-related statements found after web research
assembly,88,Amy Paulin,Democratic,strongly_support,inferred,"Paulin is one of the most vocal pro-Israel members of the Assembly, with family in Israel. She ""stands firmly behind Israel"" and has called for America to ""stand unequivocally with Israel."" She is a member of the National Association of Jewish Legislators."
assembly,89,J. Gary Pretlow,Democratic,neutral,unknown,No public Israel-related statements found after web research
assembly,90,Nader J. Sayegh,Democratic,neutral,inferred,"Sayegh, a Jordanian-American, issued statements on the Israel-Palestine crisis in both 2021 and 2023 but the specific content could not be confirmed. His Arab-American heritage and balanced public posture suggest a nuanced position, but insufficient detail is available."
assembly,91,Steven Otis,Democratic,support,inferred,"Otis partnered with Westchester colleagues to secure state funding for the Holocaust and Human Rights Education Center, suggesting alignment with the pro-Israel mainstream of Westchester Democrats, though no direct Israel statements were found."
assembly,92,MaryJane Shimsky,Democratic,support,inferred,"Westchester Democrat who secured $100K in state funding for the Holocaust & Human Rights Education Center in White Plains, demonstrating engagement with Jewish community concerns and Holocaust remembrance."
assembly,93,Chris Burdick,Democratic,strongly_support,inferred,"Signed the October 20, 2023 ""New York Legislators Stand with Israel"" bipartisan solidarity letter condemning the Oct 7 Hamas attack as a ""war crime"" and pledging to ""continue to stand with Israel."""
assembly,94,Matt Slater,Republican,strongly_support,inferred,"Slater (Republican) participated in a press conference demanding release of hostages held in Gaza, and has stated he continues to ""stand shoulder to shoulder with Jewish brothers and sisters"" following Oct. 7."
assembly,95,Dana Levenberg,Democratic,support,inferred,"Levenberg, a child of Holocaust survivors, strongly condemned Hamas's Oct. 7 attack, affirmed Israel's right to self-defense, and has collaborated with other Jewish legislators on antisemitism issues."
assembly,96,Patrick J. Carroll,Democratic,support,inferred,"Newly elected (Nov 2024) Rockland County Democrat who attended a Rockland County Agudath Israel of America event and commented publicly condemning an antisemitic attack on Temple Israel synagogue, indicating engagement with Jewish community concerns."
assembly,97,Aron Wieder,Democratic,support,inferred,"Wieder is a Hasidic (Belz) assemblymember who studied at rabbinical college in Israel and represents a majority-Orthodox district in Rockland County. While no explicit Israel policy statements were found, his Haredi community background strongly suggests pro-Israel alignment."
assembly,98,Karl Brabenec,Republican,strongly_support,inferred,"Brabenec (Republican) has made strong pro-Israel statements, describing Hamas as ""hellbent on removing Jewish people from the face of the earth"" and calling on every person to ""stand in solidarity with the people of Israel."""
assembly,99,Chris Eachus,Democratic,strongly_support,inferred,"Signed the October 20, 2023 ""New York Legislators Stand with Israel"" bipartisan solidarity letter condemning the Oct 7 Hamas attack as a ""war crime"" and pledging to ""continue to stand with Israel."""
assembly,100,Paula Elaine Kay,Democratic,neutral,unknown,No public Israel-related statements found after web research
assembly,101,Brian Maher,Republican,support,inferred,"Republican assemblyman who cosponsored the ""Stop Anti-Semitism on College Campuses Act"" (A08284) in 2023, and as a member of the Assembly Minority Conference participated in the conference's collective pro-Israel stance and hostage release advocacy."
assembly,102,Chris Tague,Republican,strongly_support,inferred,"Tague praised the Trump-brokered Israel-Palestine peace deal as a ""game changer"" and called for the removal of assembly colleagues who voiced support for Hamas or the DSA, indicating strong pro-Israel alignment."
assembly,103,Sarahana Shrestha,Democratic,strongly_oppose,inferred,"DSA member who cosponsored the ""Not on Our Dime"" bill targeting Israeli settlement funding, called for an immediate ceasefire, criticized Governor Hochul's pro-Israel response as ""calling for more deaths and war crimes,"" and was one of the first to call for ceasefire in 2023."
assembly,104,Jonathan G. Jacobson,Democratic,strongly_support,inferred,"Signed the October 2023 ""New York Legislators Stand with Israel"" letter, which strongly condemned the Hamas attack and pledged solidarity with Israel and the Jewish state."
assembly,105,"Anil Beephan, Jr.",Republican,strongly_support,inferred,"Only US state legislator to attend the JNS International Policy Summit in Jerusalem (April 2025), works closely with Jewish Federation in Dutchess County, and has spoken against anti-Zionism in state politics."
assembly,106,Didi Barrett,Democratic,support,inferred,"Hudson Valley Democrat who received backing from Solidarity PAC, a pro-Israel political action committee, during her 2024 campaign. Described as one of the chamber's more conservative Democrats."
assembly,107,Scott Bendett,Republican,strongly_support,inferred,"Jewish Republican who signed the October 2023 ""Stand with Israel"" letter, expressed deep concern over Hamas attacks, and affirmed Israel as one of the US's strongest allies that ""deserves to exist without being terrorized."""
assembly,108,John T. McDonald III,Democratic,support,inferred,"Signed the October 2023 ""New York Legislators Stand with Israel"" letter, expressing solidarity with Israel after the Hamas attack."
assembly,109,Gabriella A. Romero,Democratic,support,inferred,"Albany County Democrat who introduced and championed the New York State Holocaust Memorial legislation (signed into law by Gov. Hochul), demonstrating strong engagement with Jewish community concerns and Holocaust remembrance."
assembly,110,Phil Steck,Democratic,support,inferred,"Signed the October 2023 ""Stand with Israel"" letter and affirms Israel's security must be ""paramount,"" though he is critical of West Bank settlements, calling them ""a disaster for the prospect of peace."""
assembly,111,Angelo Santabarbara,Democratic,neutral,unknown,No public Israel-related statements found after web research
assembly,112,Mary Beth Walsh,Republican,support,inferred,"Republican Assembly Minority Leader Pro Tempore who cosponsored multiple antisemitism bills in the 2025 session, including the Dismantling Student Antisemitism Act and the Combating Campus Antisemitism Act, and participates in the Assembly Minority Conference's collective pro-Israel positions."
assembly,113,Carrie Woerner,Democratic,support,inferred,"Signed the October 2023 ""New York Legislators Stand with Israel"" letter expressing solidarity with Israel after the Hamas attack."
assembly,114,Matthew Simpson,Republican,strongly_support,inferred,"Signed the October 2023 ""Stand with Israel"" letter and separately acknowledged the Trump-brokered Israel-Palestine peace deal, consistently expressing solidarity with Israel."
assembly,115,Michael Cashman,Democratic,neutral,unknown,No public Israel-related statements found after web research
assembly,116,Scott Gray,Republican,strongly_support,inferred,"Signed the October 2023 ""Stand with Israel"" letter and attended a press conference opposing the ""Not On Our Dime"" bill, calling it ""anti-Israel, anti-Semitic"" and ""highly offensive and discriminatory."""
assembly,117,Ken Blankenbush,Republican,support,inferred,"Republican assemblyman who cosponsored the ""Stop Anti-Semitism on College Campuses Act"" (A08284) in 2023, demonstrating alignment with pro-Israel positions through combating campus antisemitism."
assembly,118,Robert Smullen,Republican,strongly_support,inferred,"Condemned the Hamas attack as ""unprovoked and abhorrent"" and called Israel ""a peaceful partner in a large global alliance,"" expressing strong support for Israel's right to self-defense."
assembly,119,Marianne Buttenschon,Democratic,neutral,unknown,No public Israel-related statements found after web research
assembly,120,William A. Barclay,Republican,support,inferred,"Former Assembly Minority Leader who stated he ""proudly stands with the people of Israel and the Jewish community"" and prayed for their safety during the Oct 7 anniversary commemoration."
assembly,121,Joe Angelino,Republican,support,inferred,"Republican assemblyman and retired Marine who cosponsored the ""Stop Anti-Semitism on College Campuses Act"" (A08284) in 2023, and as Assembly Minority Conference member participated in the conference's collective pro-Israel stance."
assembly,122,Brian D. Miller,Republican,support,inferred,"Republican assemblyman who cosponsored the ""Stop Anti-Semitism on College Campuses Act"" (A08284) in 2023, and as Assembly Minority Conference member participated in the conference's collective pro-Israel stance."
assembly,123,Donna A. Lupardo,Democratic,neutral,unknown,No public Israel-related statements found after web research
assembly,124,Christopher S. Friend,Republican,support,inferred,"Republican assemblyman who cosponsored antisemitism legislation in the 2025 session including the Dismantling Student Antisemitism Act and Combating Campus Antisemitism Act, and participates in the Assembly Minority Conference's collective pro-Israel positions."
assembly,125,Dr. Anna R. Kelles,Democratic,support,inferred,"Ithaca-area Democrat whose actions were characterized as pro-Israel by pro-Palestinian groups, leading to canceled events due to protest threats. Appears to have taken legislative positions perceived as supportive of Israel."
assembly,126,John Lemondes,Republican,support,inferred,"Commended the Trump-brokered Gaza ceasefire and hostage release deal, indicating support for Israel's security and the return of Israeli hostages."
assembly,127,Al Stirpe,Democratic,neutral,unknown,No public Israel-related statements found after web research
assembly,128,Pamela J. Hunter,Democratic,neutral,unknown,No public Israel-related statements found after web research
assembly,129,William B. Magnarelli,Democratic,neutral,unknown,No public Israel-related statements found after web research
assembly,130,Brian Manktelow,Republican,support,inferred,"Signed the October 2023 ""New York Legislators Stand with Israel"" letter expressing solidarity with Israel after the Hamas attack."
assembly,131,Jeff Gallahan,Republican,strongly_support,inferred,"Signed the October 2023 ""Stand with Israel"" letter and attended an April 2024 press conference in Albany calling for the release of hostages held by Hamas in Gaza, including two New York citizens."
assembly,132,Philip A. Palmesano,Republican,support,inferred,"Republican assemblyman who cosponsored antisemitism legislation in the 2025 session including the Dismantling Student Antisemitism Act and Combating Campus Antisemitism Act, and participates in the Assembly Minority Conference's collective pro-Israel positions."
assembly,133,Andrea K. Bailey,Republican,neutral,unknown,No public Israel-related statements found after web research
assembly,134,Josh Jensen,Republican,support,inferred,"Republican assemblyman who cosponsored the ""Stop Anti-Semitism on College Campuses Act"" (A08284) in 2023, demonstrating alignment with pro-Israel positions through combating campus antisemitism."
assembly,135,Jen Lunsford,Democratic,support,inferred,"Jewish assemblywoman with family in Israel who has publicly spoken against singling out Israel in divestment legislation, opposed an Israel-specific divestment bill, and expressed concern about bills that target Israel without including other countries with human rights issues."
assembly,136,Sarah Clark,Democratic,neutral,unknown,No public Israel-related statements found after web research
assembly,137,Demond Meeks,Democratic,neutral,unknown,No public Israel-related statements found after web research
assembly,138,Harry B. Bronson,Democratic,neutral,unknown,No public Israel-related statements found after web research
assembly,139,Stephen Hawley,Republican,support,inferred,"Long-serving Republican rated among the Assembly's most conservative members (92% conservative ranking). While no explicit Israel statement was found, his party alignment and conservative profile strongly suggest support for Israel, consistent with near-universal Republican support for Israel in NY."
assembly,140,William Conrad,Democratic,neutral,unknown,No public Israel-related statements found after web research
assembly,141,Crystal D. Peoples-Stokes,Democratic,neutral,unknown,No public Israel-related statements found after web research
assembly,142,Patrick Burke,Democratic,neutral,unknown,No public Israel-related statements found after web research
assembly,143,Patrick J. Chludzinski,Republican,neutral,unknown,No public Israel-related statements found after web research
assembly,144,Paul A. Bologna,Republican,neutral,unknown,No public Israel-related statements found after web research
assembly,145,Angelo J. Morinello,Republican,strongly_support,inferred,"Morinello signed the bipartisan ""NY Legislators Stand with Israel"" letter in October 2023, which strongly condemned the Hamas attack and pledged solidarity with Israel."
assembly,146,Karen McMahon,Democratic,support,inferred,"McMahon signed the bipartisan ""NY Legislators Stand with Israel"" letter in October 2023. As a Democrat signing the letter, this signals pro-Israel support though no additional statements were found."
assembly,147,David DiPietro,Republican,support,inferred,"Long-serving conservative Republican. The October 2023 ""NY Legislators Stand with Israel"" letter appeared in search results specifically when searching his name, suggesting association. His strong conservative record makes pro-Israel alignment highly likely."
assembly,148,Joe Sempolinski,Republican,support,inferred,"Republican who previously served as US Representative (NY-23, 2022-2023). As a former member of Congress, he would have been exposed to Israel-related votes. His Republican affiliation and congressional background strongly suggest pro-Israel positioning, though no explicit NY Assembly-level statement was found."
assembly,149,Jonathan Rivera,Democratic,neutral,unknown,No public Israel-related statements found after web research
assembly,150,Andrew M. Molitor,Republican,neutral,unknown,No public Israel-related statements found after web research
city_council,1,Christopher Marte,Democratic,oppose,inferred,"Marte attended a 24-hour ceasefire vigil outside City Hall in February 2024 and has publicly supported a ceasefire in Gaza, aligning with the progressive pro-ceasefire bloc on the council."
city_council,2,Harvey Epstein,Democratic,oppose,inferred,"Epstein signed an open letter from Jewish elected officials in February 2024 that condemned Hamas but also stated they ""cannot support the actions of the current Israeli government,"" criticized mass destruction in Gaza, and called for a two-state solution and halt to civilian killings."
city_council,3,Vacant,,,,
city_council,4,Virginia Maloney,Democratic,support,inferred,"Represents Upper East Side (District 4), a district with a significant Jewish community. Daughter of former Congresswoman Carolyn Maloney, who had strong pro-Israel positions and deep Jewish community support. While Virginia Maloney's own explicit statements were not found, her district demographics and family political background suggest pro-Israel leanings."
city_council,5,Julie Menin,Democratic,strongly_support,inferred,"Menin is the first Jewish NYC Council Speaker, went on an Israel solidarity trip visiting Kibbutz Kfar Aza, marched in the Israel Day Parade, introduced the buffer zone bill to protect synagogues from protests, and has been a vocal advocate against antisemitism and pro-Palestinian demonstrations."
city_council,6,Gale A. Brewer,Democratic,support,inferred,"Brewer is a self-described strong supporter of the Jewish state, opposes BDS, has visited Israel multiple times including Iron Dome sites, though she has also acknowledged concerns about excessive Israeli military operations."
city_council,7,Shaun Abreu,Democratic,neutral,inferred,"Abreu has received backing from pro-Israel Solidarity PAC (~$8,100 in fundraisers), but was also listed on Canary Mission (a pro-Israel site that profiles pro-Palestine advocates), and left the Progressive Caucus in 2023. His actual stated position on the conflict is unclear and appears mixed."
city_council,8,Elsie Encarnacion,Democratic,neutral,unknown,No public Israel-related statements found after web research
city_council,9,Yusef Salaam,Democratic,oppose,inferred,"Salaam called for an immediate ceasefire in Gaza on November 20, 2023, before even taking office, urging Biden to call on the Israeli government for ""an immediate, durable and sustainable ceasefire."""
city_council,10,Carmen De La Rosa,Democratic,oppose,inferred,"De La Rosa signed a Local Progress letter on January 9, 2024 calling for ""a durable ceasefire"" in Gaza."
city_council,11,Eric Dinowitz,Democratic,strongly_support,inferred,"Dinowitz is Chair of the Council Jewish Caucus, strongly condemned Hamas on Oct 7, denounced pro-Palestinian rallies, traveled to Israel visiting a kibbutz, sponsored the buffer zone bill for schools, received Solidarity PAC backing, and stood with CUNY professors who resigned over an anti-Israel union resolution."
city_council,12,Kevin C. Riley,Democratic,neutral,inferred,"Riley participated in a JCRC-organized trip to Israel in November 2022, suggesting engagement with the Jewish community and openness to Israel, but no public statements on the conflict were found."
city_council,13,Shirley Aldebol,Democratic,neutral,unknown,No public Israel-related statements found after web research
city_council,14,Pierina Ana Sanchez,Democratic,oppose,inferred,"Sanchez signed a Local Progress letter on January 9, 2024 calling for ""a durable ceasefire"" in Gaza, aligning with the progressive pro-ceasefire bloc."
city_council,15,Oswald Feliz,Democratic,neutral,unknown,No public Israel-related statements found after web research
city_council,16,Althea Stevens,Democratic,oppose,inferred,"Stevens signed a Local Progress letter on January 9, 2024 calling for ""a durable ceasefire"" in Gaza."
city_council,17,Justin Sanchez,Democratic,neutral,unknown,No public Israel-related statements found after web research
city_council,18,Amanda Farias,Democratic,neutral,unknown,No public Israel-related statements found after web research
city_council,19,Vickie Paladino,Republican,strongly_support,inferred,"Paladino is a staunch pro-Israel Republican who has opposed ceasefire proposals, supported Israel's military campaign, and strongly condemned Hamas. She stated a ceasefire should only come when ""Hamas surrenders."""
city_council,20,Sandra Ung,Democratic,support,inferred,"Represents Flushing, a district with a significant Jewish community presence. Has engaged with the Queens Jewish community, making a ""Jewish pitch"" during her council run. Previously staffed for Rep. Grace Meng in constituent services. Her outreach to the Jewish community and district demographics suggest pro-Israel leanings."
city_council,21,Shanel Thomas-Henry,Democratic,neutral,unknown,No public Israel-related statements found after web research
city_council,22,Tiffany Caban,Democratic,strongly_oppose,inferred,"Caban was the first NYC Council member to call for a ceasefire (Oct 11, 2023), used the word ""genocide,"" participated in JVP Grand Central protest, and has been one of the most vocal pro-Palestine voices on the Council as a DSA member."
city_council,23,Linda Lee,Democratic,support,inferred,"Has actively hosted forums on combating antisemitism in partnership with the Simon Wiesenthal Center and engaged with the Queens Jewish community. Co-sponsored antisemitism-related legislation. Her proactive stance against antisemitism, engagement with Jewish organizations, and district in eastern Queens suggest support for Israel."
city_council,24,James F. Gennaro,Democratic,strongly_support,inferred,"Gennaro has been described as a ""passionate fighter for Israel"" with strong Orthodox Jewish community support, attended pro-Israel vigils, and has stood with the pro-Israel community his entire career."
city_council,25,Shekar Krishnan,Democratic,oppose,inferred,"Krishnan called for an immediate, permanent ceasefire and release of hostages in an April 2024 op-ed, and signed the Local Progress ceasefire letter, but did not use terms like ""genocide"" or ""apartheid."""
city_council,26,Julie Won,Democratic,oppose,inferred,"Won has expressed support for Palestinian rights, calling the ""murder and displacement of Palestinian children"" wrong, and stated she believes the war in Gaza must end and ceasefire must continue."
city_council,27,Nantasha Williams,Democratic,oppose,inferred,"Williams wore a ""Ceasefire Now"" button at the Dec 2023 Council meeting, signed the Local Progress ceasefire letter, and was one of 17 Council members supporting the ceasefire resolution."
city_council,28,Ty Hankerson,Democratic,neutral,unknown,No public Israel-related statements found after web research
city_council,29,Lynn Schulman,Democratic,support,inferred,"Schulman is Vice Chair of the NYC Council Jewish Caucus (whose mission includes supporting Israel), received backing from the pro-Israel Solidarity PAC, and has advocated for antisemitism protections including threatening to override mayoral vetoes."
city_council,30,Phil Wong,Democratic,neutral,unknown,No public Israel-related statements found after web research
city_council,31,Selvena N. Brooks-Powers,Democratic,neutral,unknown,No public Israel-related statements found after web research
city_council,32,Joann Ariola,Republican,strongly_support,inferred,"Ariola is the Republican minority leader who condemned pro-Palestinian rallies, issued a joint statement against DSA's pro-Hamas rally, attended pro-Israel prayer events, and sought information about mayoral executive orders revoking anti-BDS protections."
city_council,33,Lincoln Restler,Democratic,oppose,inferred,"Restler signed both the Local Progress ceasefire letter and the Jewish elected officials' open letter criticizing Israel's military campaign in Gaza, while also condemning Hamas and calling for hostage release."
city_council,34,Jennifer Gutierrez,Democratic,strongly_oppose,inferred,"Gutierrez wore a ""Ceasefire Now"" shirt at the Dec 2023 Council meeting, signed the JVP open letter to Biden calling for ceasefire, abstained from the ""End Jew Hatred"" resolution, and was a prominent ceasefire advocate."
city_council,35,Crystal Hudson,Democratic,oppose,inferred,"Hudson signed the Local Progress ceasefire letter and was listed among the 17 council members supporting the ceasefire resolution, though she has been less vocal than some colleagues."
city_council,36,Chi Osse,Democratic,strongly_oppose,inferred,"Osse is a DSA member who called for a ceasefire, participated in the JVP Grand Central protest, wore a ""Ceasefire Now"" shirt at Council, and issued a statement calling occupation the ""primary root of violence"" while affirming Palestinian liberation as legitimate."
city_council,37,Sandy Nurse,Democratic,strongly_oppose,inferred,"Nurse was co-chair of the Council Progressive Caucus, called for ceasefire on Oct 12, 2023, voted against the ""End Jew Hatred"" resolution, and participated in the JVP Grand Central protest."
city_council,38,Alexa Aviles,Democratic,strongly_oppose,inferred,"Aviles is a DSA member who supports BDS, signed the JVP ceasefire letter, abstained from the ""End Jew Hatred"" resolution, and has been one of the most vocal pro-Palestine council members."
city_council,39,Shahana Hanif,Democratic,strongly_oppose,inferred,"Hanif is among the most vocal anti-Israel members of the Council, having used the terms ""genocide"" and ""apartheid,"" been arrested at a pro-Palestinian rally, voted against ""End Jew Hatred Day,"" and endorsed the ""Leave It Blank"" campaign against Biden over Gaza policy."
city_council,40,Rita Joseph,Democratic,oppose,inferred,"Joseph was listed among the 17 council members supporting the ceasefire resolution and spoke at the 24-hour City Hall vigil in support of a ceasefire, though she abstained from the ""End Jew Hatred"" vote claiming she didn't have time to review it."
city_council,41,Darlene Mealy,Democratic,support,inferred,"Participated in a 2015 JCRC/UJA-sponsored delegation trip to Israel despite significant community opposition. Her willingness to go on this pro-Israel trip, organized by major Jewish organizations, indicates a supportive stance toward Israel."
city_council,42,Chris Banks,Democratic,neutral,unknown,No public Israel-related statements found after web research
city_council,43,Susan Zhuang,Democratic,support,inferred,"Zhuang received backing from Solidarity PAC, a pro-Israel political action committee, and is described as a conservative Democrat. She was not among ceasefire advocates."
city_council,44,Simcha Felder,Democratic,strongly_support,inferred,"Felder is a conservative Democrat from Borough Park representing a large Orthodox Jewish constituency, has a long history of supporting Israel, and previously blocked UN renovation plans calling the UN ""anti-Israel."""
city_council,45,Farah N. Louis,Democratic,support,inferred,"Louis has stated she supports Israel and opposes BDS, has strong Jewish community backing including the Flatbush Jewish Community Coalition endorsement, and has consistently denounced antisemitism."
city_council,46,Mercedes Narcisse,Democratic,neutral,inferred,"Narcisse expressed sympathy for both sides, noting the ""devastating loss of life"" on both sides while emphasizing ""shared humanity."" She did not take a strong pro-Israel or pro-Palestine position."
city_council,47,Kayla Santosuosso,Democratic,oppose,inferred,"Santosuosso has deep ties to the Arab American community in Bay Ridge, previously worked for the Arab American Association under Linda Sarsour, worked in Palestine, and expressed empathy for Bay Ridge's Palestinian community's anger over Gaza. Her predecessor Justin Brannan supported the ceasefire resolution."
city_council,48,Inna Vernikov,Republican,strongly_support,inferred,"Vernikov is the most vocal pro-Israel member of the NYC Council, having worn an Israeli flag dress, attended pro-Israel counter-protests (bringing a gun to one), quit the women's caucus over hostage rhetoric, and been a leading voice against antisemitism."
city_council,49,Kamillah Hanks,Democratic,support,inferred,"Hanks traveled to Israel on a solidarity trip in February 2024, visiting Kibbutz Kfar Aza, and participated in Staten Island solidarity events for Israel. This was her second trip to Israel in three years."
city_council,50,David Carr,Republican,strongly_support,inferred,"Republican minority leader who joined lawsuit against Mayor Mamdani's revocation of policies protecting Jews and barring boycotts of Israel, including challenging the revocation of NYC's $300M+ Israel bond investments."
city_council,51,Frank Morano,Republican,strongly_support,inferred,"Republican council member who joined the lawsuit against Mayor Mamdani's revocation of anti-BDS policies and Israel bond investments, signaling strong pro-Israel stance."
senate,1,Anthony H. Palumbo,Republican,strongly_support,inferred,"Republican senator who cosponsored antisemitism protection bill S531, participated in hostage release rallies, and stated ""America must continue to stand in support of Israel."""
senate,2,Mario R. Mattera,Republican,strongly_support,inferred,"Republican senator who cosponsored antisemitism bill S531, organized and participated in Albany rallies for hostage release, and is a member of the Senate Minority Conference supporting Israel."
senate,3,Dean Murray,Republican,support,inferred,"Republican senator who is part of the Senate Republican Conference that has taken strong pro-Israel positions, though limited individual public statements found on Israel specifically."
senate,4,Monica R. Martinez,Democratic,neutral,unknown,No public Israel-related statements found after web research
senate,5,Steven D. Rhoads,Republican,strongly_support,inferred,"Republican senator who cosponsored both anti-BDS bill S1255 and antisemitism bill S531, participated in hostage release rallies, and called for unconditional release of hostages."
senate,6,Siela A. Bynoe,Democratic,neutral,unknown,No public Israel-related statements found after web research
senate,7,Jack M. Martins,Republican,strongly_support,inferred,"Primary sponsor of antisemitism bill S531, Chair of Senate Republican Antisemitism Working Group, previously introduced legislation to defund pro-BDS student groups, and strongly advocated for Israel at hostage rallies."
senate,8,Alexis Weik,Republican,support,inferred,"Republican senator who participated in hostage release advocacy alongside Run For Their Lives and Senate Republican Conference, though limited individual public statements on Israel found."
senate,9,Patricia Canzoneri-Fitzpatrick,Republican,strongly_support,inferred,"Member of Senate Republican Antisemitism Working Group, cosponsored S531, led letter to Governor to help New Yorkers stranded in Israel, and actively worked on antisemitism legislation."
senate,10,James Sanders Jr.,Democratic,neutral,unknown,No public Israel-related statements found after web research
senate,11,Toby Ann Stavisky,Democratic,support,inferred,"Jewish Democratic senator who sponsored legislation protecting Jewish and pro-Israel students on college campuses from antisemitism and discrimination, and spoke on Israel resolution during Senate session."
senate,12,Michael Gianaris,Democratic,support,inferred,"Gianaris has been strongly pro-Israel in legislative action, spearheading anti-BDS legislation and calling for increased security funding for Jewish and Muslim schools after Oct 7. He has framed BDS as fueling antisemitism while also addressing Islamophobia."
senate,13,Jessica Ramos,Democratic,oppose,inferred,"Called for a permanent ceasefire in Gaza, advocated for Palestinian speaking slot at DNC, and has been described as a longtime pro-Palestinian advocate."
senate,14,Leroy Comrie,Democratic,support,inferred,Comrie has engaged with Jewish institutions in his district and condemned antisemitic attacks. He met with Queens yeshivah principals and joined a joint statement condemning an antisemitic attack on a rabbi on Holocaust Remembrance Day.
senate,15,Joseph P. Addabbo Jr.,Democratic,strongly_support,inferred,"Primary sponsor of anti-BDS bill S1255 to prohibit NY from contracting with companies boycotting Israel, and publicly condemned DSA's anti-Israel boycott questionnaire as antisemitic."
senate,16,John C. Liu,Democratic,support,inferred,"Described as pro-Israel by multiple sources; endorsed Mamdani for mayor despite acknowledging a ""big disagreement"" on Israel, indicating Liu supports Israel while Mamdani is critical of it."
senate,17,Stephen T. Chan,Republican,neutral,unknown,No public Israel-related statements found after web research
senate,18,Julia Salazar,Democratic,strongly_oppose,inferred,"DSA member who supports BDS, co-sponsors ""Not On Our Dime"" bill S606, called for immediate ceasefire, used ""genocide"" and ""apartheid"" language regarding Israel, and was an early and vocal advocate for Palestinian liberation."
senate,19,Roxanne J. Persaud,Democratic,neutral,unknown,No public Israel-related statements found after web research
senate,20,Zellnor Myrie,Democratic,support,inferred,"Condemned Hamas' Oct 7 attack, affirmed Israel's right to self-defense, condemned anti-Jewish harassment at pro-Palestinian protests, and courted Orthodox Jewish voters in his mayoral campaign. Has not called for ceasefire."
senate,21,Kevin S. Parker,Democratic,support,inferred,"Sponsored HOPE Act (S7034A) adopting IHRA antisemitism definition, previously urged federal support for Israel as an ally, and endorsed Israel's defense in 2009 statement."
senate,22,Sam Sutton,Democratic,strongly_support,inferred,"First Sephardic Orthodox Jewish state senator, co-sponsor of HOPE Act (S7034A) adopting IHRA antisemitism definition, represents heavily Jewish Brooklyn district (Borough Park, Midwood), and focuses on religious liberties and Jewish community needs."
senate,23,Jessica Scarcella-Spanton,Democratic,strongly_support,inferred,"Publicly stressed her ""strong backing of Israel,"" received Distinguished Legislator Award from COJO Flatbush, and strongly condemned Oct 7 attacks as a ""travesty."""
senate,24,Andrew J. Lanza,Republican,support,inferred,"Republican Deputy Minority Leader from Staten Island. Part of Senate Republican Conference that has uniformly supported Israel, though limited individual statements found."
senate,25,Jabari Brisport,Democratic,strongly_oppose,inferred,"Primary sponsor of ""Not On Our Dime"" bill S606, arrested at pro-Palestine protest, used both ""genocide"" and ""apartheid"" language regarding Israel, called for immediate ceasefire, and stood in solidarity with pro-Palestinian student encampments."
senate,26,Andrew Gounardes,Democratic,support,inferred,"Gounardes has publicly condemned anti-Israel graffiti as antisemitism and defended Jewish community members in Brooklyn. Called vandalism of Israeli restaurant ""antisemitism plain and simple"" and a ""clear example of when anti-Zionism becomes antisemitism."""
senate,27,Brian Kavanagh,Democratic,neutral,unknown,No public Israel-related statements found after web research
senate,28,Liz Krueger,Democratic,neutral,inferred,"Jewish senator who strongly condemned Oct 7 and demanded hostage release, but also criticized Netanyahu government's ""mass destruction of Gaza,"" called for ceasefire through negotiations, and signed open letter from Jewish officials critical of Israeli military conduct."
senate,29,Jose M. Serrano,Democratic,neutral,unknown,No public Israel-related statements found after web research
senate,30,Cordell Cleare,Democratic,neutral,unknown,No public Israel-related statements found after web research
senate,31,Robert Jackson,Democratic,strongly_oppose,inferred,"Co-sponsor of ""Not On Our Dime"" bill S606, joined JVP protest at Grand Central demanding ceasefire, and was among earliest state senators to publicly call for ceasefire in Gaza."
senate,32,Luis R. Sepulveda,Democratic,neutral,unknown,No public Israel-related statements found after web research
senate,33,Gustavo Rivera,Democratic,oppose,inferred,Progressive Bronx Democrat who has been associated with colleagues calling for ceasefire and humanitarian aid to Gaza. Referenced as a collaborator with Senators Salazar and Gonzalez on related legislation.
senate,34,Nathalia Fernandez,Democratic,neutral,unknown,No public Israel-related statements found after web research
senate,35,Andrea Stewart-Cousins,Democratic,support,inferred,"As Senate Majority Leader, attended the ""Westchester Stands With Israel"" rally on Oct 10, 2023 at Temple Israel of White Plains. Deliberately avoided bringing the Israel-Gaza conflict to the Senate floor, stating the legislature should focus on state-level issues rather than international matters."
senate,36,Jamaal T. Bailey,Democratic,neutral,unknown,No public Israel-related statements found after web research
senate,37,Shelley B. Mayer,Democratic,strongly_support,inferred,"Jewish state senator who issued strong pro-Israel statement (""We stand in full support of Israel""), attended Westchester rally for Israel, switched endorsement from Rep. Bowman to Latimer over Bowman's Israel stance, and has vocally condemned antisemitism."
senate,38,Bill Weber,Republican,strongly_support,inferred,"Republican member of the Senate Antisemitism Working Group, co-sponsored S531 antisemitism vandalism act, sponsored S7752 Combating Campus Antisemitism Act, and has been vocal about rising antisemitism after Oct 7."
senate,39,Rob Rolison,Republican,strongly_support,inferred,"Republican who co-sponsored S531 antisemitism vandalism act, joined the Senate Antisemitism Working Group, and has focused on combating antisemitism and holding officials accountable for protecting Jewish communities."
senate,40,Pete Harckham,Democratic,support,inferred,"Westchester Democrat who has engaged with the Jewish community, honored residents during Jewish American Heritage Month, and spoken about combating antisemitism, but has not made strong public statements on the Israel-Gaza conflict specifically."
senate,41,Michelle Hinchey,Democratic,support,inferred,"Hinchey, who is Jewish on her mother's side, spoke at a ""Stand with Israel"" prayer service days after Oct 7 attacks. She expressed solidarity with the Jewish community while also condemning anti-Palestinian hate. Has not publicly called for ceasefire."
senate,42,James Skoufis,Democratic,neutral,inferred,"Has not taken a strong public position on Israel-Gaza. As Investigations Committee chair, was involved in discussions about campus antisemitism at Columbia but has framed the issue in terms of party unity. Had a 2022 controversy involving statements blamed on the ""unvaccinated"" Jewish community."
senate,43,Jacob Ashby,Republican,support,inferred,"Republican and military veteran who posted on Facebook asking constituents to ""pray for Israel"" after the Oct 7 attacks. No detailed policy positions found but general solidarity expressed."
senate,44,James Tedisco,Republican,strongly_support,inferred,"Sponsored multiple antisemitism bills in direct response to Oct 7, including legislation to elevate cemetery desecration to hate crime felony and to expel students from SUNY/CUNY for antisemitic hate crimes. Explicitly referenced Hamas terrorist attack as motivating his legislative push."
senate,45,Daniel G. Stec,Republican,support,inferred,"As a member of the NY Senate Republican Conference, Stec participated in the conference's call to deploy the National Guard to Columbia University to protect Jewish students from pro-Hamas protests. He is specifically named in the conference's Columbia statement."
senate,46,Patricia Fahy,Democratic,neutral,inferred,Called for ceasefire and return of hostages but also condemned antisemitism and was challenged for not co-signing a Republican antisemitism bill. Introduced Holocaust Memorial legislation. Nuanced position balancing criticism of Netanyahu government with opposing antisemitism.
senate,47,Erik Bottcher,Democratic,strongly_support,inferred,"As NYC Council member, ""unequivocally condemned the violence"" of Oct 7 and pledged to ""stand with Israel."" Questioned CUNY chancellor on antisemitism. Endorsed by pro-Israel Zioness Action Fund which praised him for ""always standing with the Jewish community and the people of Israel."""
senate,48,Rachel May,Democratic,neutral,unknown,No public Israel-related statements found after web research
senate,49,Mark Walczyk,Republican,support,inferred,"Republican and US Army Reserve Captain who was deployed to the Middle East (Kuwait) for 290 days in 2024, overseeing military construction projects across Kuwait, Jordan, Saudi Arabia, Syria, and Iraq. His military service in the region and Republican conference membership suggest pro-Israel alignment, though no explicit Israel statement found."
senate,50,Christopher J. Ryan,Democratic,neutral,unknown,No public Israel-related statements found after web research
senate,51,Peter Oberacker,Republican,strongly_support,inferred,"Republican member of the Senate Antisemitism Working Group, co-sponsored S531 antisemitism vandalism act, sponsored S8774 expanding prohibition of Nazi symbol harassment. Called for antisemitism legislation to be a priority in Albany. Represents district with a large Jewish community."
senate,52,Lea Webb,Democratic,neutral,unknown,No public Israel-related statements found after web research
senate,53,Joseph A. Griffo,Republican,strongly_support,inferred,"Republican member of the Senate Antisemitism Working Group, co-sponsored S531 antisemitism vandalism act, issued statement condemning murders of Israeli Embassy staff members in 2025. Long track record of antisemitism protection legislation."
senate,54,Pamela Helming,Republican,support,inferred,Republican who joined the Senate Republican antisemitism working group's 2024 report release and supported legislative recommendations to combat antisemitism. No specific Israel policy statements found but aligned with pro-Israel Republican caucus positions.
senate,55,Samra G. Brouk,Democratic,oppose,inferred,"Called for an immediate ceasefire in Gaza in March 2024, emphasizing humanitarian crisis. Framed her position around protecting civilian lives, women and children, but did not use ""genocide"" or ""apartheid"" language."
senate,56,Jeremy Cooney,Democratic,neutral,unknown,No public Israel-related statements found after web research
senate,57,George M. Borrello,Republican,strongly_support,inferred,"Borrello has been vocal in condemning pro-Hamas protests, calling for action against antisemitism at Columbia, and criticizing ""DSA radicals"" for antisemitic rhetoric. Signed Columbia National Guard letter and participated in Senate Republican Conference antisemitism initiatives."
senate,58,Thomas F. O'Mara,Republican,support,inferred,O'Mara called on Democratic committee chairs to demand answers from Columbia University President over antisemitism on campus. Member of Senate Republican Conference that pushed antisemitism legislation package.
senate,59,Kristen Gonzalez,Democratic,strongly_oppose,inferred,"DSA-backed senator who called Israeli actions ""genocidal,"" called for unconditional ceasefire on Oct 13, 2023, and co-sponsored S606 ""Not On Our Dime"" anti-settlement bill. One of the most vocal critics of Israel's military operations in the NY State Senate."
senate,60,Patrick M. Gallivan,Republican,support,inferred,"As Senate Minority Whip and member of the Republican Conference, Gallivan was part of the conference-wide actions on Columbia antisemitism and the antisemitism legislation package, though no individual statements found."
senate,61,Jeremy J. Zellner,Democratic,neutral,unknown,No public Israel-related statements found after web research
senate,62,Robert G. Ortt,Republican,strongly_support,inferred,"Senate Republican Leader who created the Antisemitism Working Group in Feb 2023, led the conference's antisemitism report and legislative package, and co-authored letter urging Governor Hochul to help New Yorkers stranded in Israel after Oct 7."
senate,63,April N.M. Baskin,Democratic,support,inferred,"Baskin is a prominent Black, Cherokee, and Jewish leader who served as VP of the Union for Reform Judaism and founded Joyous Justice, an organization combating antisemitism. Her deep Jewish communal leadership and professional work fighting antisemitism strongly suggest pro-Israel sympathies, though no explicit Israel/Gaza statement found as senator."
